department,patients,avg_readmit_prob,readmit_rate
Cardiology,941,0.5409620255047822,0.5908607863974495
General Medicine,1497,0.5181758396793588,0.5050100200400801
Neurology,524,0.5189838129770993,0.4866412213740458
Oncology,638,0.5780655125391849,0.6802507836990596
Orthopedics,699,0.5121924406294707,0.48783977110157367
Pediatrics,643,0.5400512892690513,0.5474339035769828
Surgery,1058,0.557265556710775,0.6172022684310019
