model,roc_auc,accuracy,precision,recall,f1
LogisticRegression,0.6764237678180438,0.6416666666666667,0.6646153846153846,0.6708074534161491,0.6676970633693973
RandomForest,0.6513723803565843,0.6183333333333333,0.6291666666666667,0.703416149068323,0.6642228739002932
XGBoost,0.6284993744135127,0.6,0.6216617210682492,0.6506211180124224,0.6358118361153262
